{
    "loss": 0.5565709471702576,
    "accuracy": 0.9482758641242981
}