{
    "loss": 0.661277711391449,
    "accuracy": 0.9396551847457886
}